Workbook

Sheet SEO Location Plan
A1: UTTsolar – Uttarakhand SEO Location Page Plan
A2: 99 recommended city/town landing pages across all 13 Uttarakhand districts. Priorities are strategic rollout recommendations, not measured search-volume data.
A4: No. | B4: District | C4: City / Town | D4: SEO Priority | E4: Recommended URL Slug | F4: Suggested H1 | G4: Primary Keyword | H4: Reference URL
A5: 1 | B5: Nainital | C5: Haldwani | D5: High | E5: /locations/nainital/solar-company-in-haldwani/ | F5: Solar Company in Haldwani | G5: solar company in haldwani | H5: https:/https://uttsolar.in/locations
A6: 2 | B6: Nainital | C6: Nainital | D6: High | E6: /locations/nainital/solar-company-in-nainital/ | F6: Solar Company in Nainital | G6: solar company in nainital | H6: https://https://uttsolar.in/locations
A7: 3 | B7: Nainital | C7: Ramnagar | D7: High | E7: /locations/nainital/solar-company-in-ramnagar/ | F7: Solar Company in Ramnagar | G7: solar company in ramnagar | H7: https://https://uttsolar.in/locations
A8: 4 | B8: Nainital | C8: Kathgodam | D8: High | E8: /locations/nainital/solar-company-in-kathgodam/ | F8: Solar Company in Kathgodam | G8: solar company in kathgodam | H8: https://https://uttsolar.in/locations
A9: 5 | B9: Nainital | C9: Bhimtal | D9: High | E9: /locations/nainital/solar-company-in-bhimtal/ | F9: Solar Company in Bhimtal | G9: solar company in bhimtal | H9: https://https://uttsolar.in/locations
A10: 6 | B10: Nainital | C10: Lalkuan | D10: Medium | E10: /locations/nainital/solar-company-in-lalkuan/ | F10: Solar Company in Lalkuan | G10: solar company in lalkuan | H10: https://https://uttsolar.in/locations
A11: 7 | B11: Nainital | C11: Kaladhungi | D11: Medium | E11: /locations/nainital/solar-company-in-kaladhungi/ | F11: Solar Company in Kaladhungi | G11: solar company in kaladhungi | H11: https://https://uttsolar.in/locations
A12: 8 | B12: Nainital | C12: Bhowali | D12: Medium | E12: /locations/nainital/solar-company-in-bhowali/ | F12: Solar Company in Bhowali | G12: solar company in bhowali | H12: https://https://uttsolar.in/locations
A13: 9 | B13: Dehradun | C13: Dehradun | D13: High | E13: /locations/dehradun/solar-company-in-dehradun/ | F13: Solar Company in Dehradun | G13: solar company in dehradun | H13: https://https://uttsolar.in/locations
A14: 10 | B14: Dehradun | C14: Rishikesh | D14: High | E14: /locations/dehradun/solar-company-in-rishikesh/ | F14: Solar Company in Rishikesh | G14: solar company in rishikesh | H14: https://https://uttsolar.in/locations
A15: 11 | B15: Dehradun | C15: Vikasnagar | D15: High | E15: /locations/dehradun/solar-company-in-vikasnagar/ | F15: Solar Company in Vikasnagar | G15: solar company in vikasnagar | H15: https://https://uttsolar.in/locations
A16: 12 | B16: Dehradun | C16: Doiwala | D16: High | E16: /locations/dehradun/solar-company-in-doiwala/ | F16: Solar Company in Doiwala | G16: solar company in doiwala | H16: https://https://uttsolar.in/locations
... A103: 99 | B103: Uttarkashi | C103: Mori | D103: Medium | E103: /locations/uttarkashi/solar-company-in-mori/ | F103: Solar Company in Mori | G103: solar company in mori | H103: https://https://uttsolar.in/locations

Sheet District Summary
A1: UTTsolar – District Rollout Summary
A3: Total Districts | B3: Total Location Pages | D3: High Priority | E3: Medium Priority
A4: 13 | B4: 99 | D4: =COUNTIF('SEO Location Plan'!$D$5:$D$103,"High") -> 58 | E4: =COUNTIF('SEO Location Plan'!$D$5:$D$103,"Medium") -> 41
A6: District | B6: Total Pages | C6: High Priority | D6: Medium Priority
A7: Nainital | B7: =COUNTIF('SEO Location Plan'!$B$5:$B$103,A7) -> 8 | C7: =COUNTIFS('SEO Location Plan'!$B$5:$B$103,A7,'SEO Location Plan'!$D$5:$D$103,"High") -> 5 | D7: =COUNTIFS('SEO Location Plan'!$B$5:$B$103,A7,'SEO Location Plan'!$D$5:$D$103,"Medium") -> 3
A8: Dehradun | B8: =COUNTIF('SEO Location Plan'!$B$5:$B$103,A8) -> 8 | C8: =COUNTIFS('SEO Location Plan'!$B$5:$B$103,A8,'SEO Location Plan'!$D$5:$D$103,"High") -> 6 | D8: =COUNTIFS('SEO Location Plan'!$B$5:$B$103,A8,'SEO Location Plan'!$D$5:$D$103,"Medium") -> 2
A9: Haridwar | B9: =COUNTIF('SEO Location Plan'!$B$5:$B$103,A9) -> 8 | C9: =COUNTIFS('SEO Location Plan'!$B$5:$B$103,A9,'SEO Location Plan'!$D$5:$D$103,"High") -> 6 | D9: =COUNTIFS('SEO Location Plan'!$B$5:$B$103,A9,'SEO Location Plan'!$D$5:$D$103,"Medium") -> 2
A10: Udham Singh Nagar | B10: =COUNTIF('SEO Location Plan'!$B$5:$B$103,A10) -> 8 | C10: =COUNTIFS('SEO Location Plan'!$B$5:$B$103,A10,'SEO Location Plan'!$D$5:$D$103,"High") -> 6 | D10: =COUNTIFS('SEO Location Plan'!$B$5:$B$103,A10,'SEO Location Plan'!$D$5:$D$103,"Medium") -> 2
A11: Almora | B11: =COUNTIF('SEO Location Plan'!$B$5:$B$103,A11) -> 7 | C11: =COUNTIFS('SEO Location Plan'!$B$5:$B$103,A11,'SEO Location Plan'!$D$5:$D$103,"High") -> 3 | D11: =COUNTIFS('SEO Location Plan'!$B$5:$B$103,A11,'SEO Location Plan'!$D$5:$D$103,"Medium") -> 4
A12: Bageshwar | B12: =COUNTIF('SEO Location Plan'!$B$5:$B$103,A12) -> 7 | C12: =COUNTIFS('SEO Location Plan'!$B$5:$B$103,A12,'SEO Location Plan'!$D$5:$D$103,"High") -> 3 | D12: =COUNTIFS('SEO Location Plan'!$B$5:$B$103,A12,'SEO Location Plan'!$D$5:$D$103,"Medium") -> 4
A13: Chamoli | B13: =COUNTIF('SEO Location Plan'!$B$5:$B$103,A13) -> 8 | C13: =COUNTIFS('SEO Location Plan'!$B$5:$B$103,A13,'SEO Location Plan'!$D$5:$D$103,"High") -> 4 | D13: =COUNTIFS('SEO Location Plan'!$B$5:$B$103,A13,'SEO Location Plan'!$D$5:$D$103,"Medium") -> 4
A14: Champawat | B14: =COUNTIF('SEO Location Plan'!$B$5:$B$103,A14) -> 6 | C14: =COUNTIFS('SEO Location Plan'!$B$5:$B$103,A14,'SEO Location Plan'!$D$5:$D$103,"High") -> 4 | D14: =COUNTIFS('SEO Location Plan'!$B$5:$B$103,A14,'SEO Location Plan'!$D$5:$D$103,"Medium") -> 2
A15: Pauri Garhwal | B15: =COUNTIF('SEO Location Plan'!$B$5:$B$103,A15) -> 8 | C15: =COUNTIFS('SEO Location Plan'!$B$5:$B$103,A15,'SEO Location Plan'!$D$5:$D$103,"High") -> 4 | D15: =COUNTIFS('SEO Location Plan'!$B$5:$B$103,A15,'SEO Location Plan'!$D$5:$D$103,"Medium") -> 4
A16: Pithoragarh | B16: =COUNTIF('SEO Location Plan'!$B$5:$B$103,A16) -> 8 | C16: =COUNTIFS('SEO Location Plan'!$B$5:$B$103,A16,'SEO Location Plan'!$D$5:$D$103,"High") -> 4 | D16: =COUNTIFS('SEO Location Plan'!$B$5:$B$103,A16,'SEO Location Plan'!$D$5:$D$103,"Medium") -> 4
A17: Rudraprayag | B17: =COUNTIF('SEO Location Plan'!$B$5:$B$103,A17) -> 7 | C17: =COUNTIFS('SEO Location Plan'!$B$5:$B$103,A17,'SEO Location Plan'!$D$5:$D$103,"High") -> 4 | D17: =COUNTIFS('SEO Location Plan'!$B$5:$B$103,A17,'SEO Location Plan'!$D$5:$D$103,"Medium") -> 3
A18: Tehri Garhwal | B18: =COUNTIF('SEO Location Plan'!$B$5:$B$103,A18) -> 8 | C18: =COUNTIFS('SEO Location Plan'!$B$5:$B$103,A18,'SEO Location Plan'!$D$5:$D$103,"High") -> 5 | D18: =COUNTIFS('SEO Location Plan'!$B$5:$B$103,A18,'SEO Location Plan'!$D$5:$D$103,"Medium") -> 3
A19: Uttarkashi | B19: =COUNTIF('SEO Location Plan'!$B$5:$B$103,A19) -> 8 | C19: =COUNTIFS('SEO Location Plan'!$B$5:$B$103,A19,'SEO Location Plan'!$D$5:$D$103,"High") -> 4 | D19: =COUNTIFS('SEO Location Plan'!$B$5:$B$103,A19,'SEO Location Plan'!$D$5:$D$103,"Medium") -> 4
A20: TOTAL | B20: =SUM(B7:B19) -> 99 | C20: =SUM(C7:C19) -> 58 | D20: =SUM(D7:D19) -> 41

Sheet Priority Guide
A1: How to Use This SEO Location Plan
A3: Item | B3: Recommendation
A4: High Priority | B4: Build these pages first. They represent the stronger urban, commercial, industrial, tourism, or district-level service markets in the plan.
A5: Medium Priority | B5: Build after the High-priority cluster is live, internally linked, indexed, and receiving impressions/leads.
A6: URL Structure | B6: /locations/{district}/solar-company-in-{city}/ — creates a clear Uttarakhand → District → City/Town architecture.
A7: H1 Structure | B7: Use one H1 only: “Solar Company in {City/Town}”. Add district/Uttarakhand context naturally in H2s and body copy.
A8: Primary Keyword | B8: Use “solar company in {city}” naturally. Support it with rooftop solar, solar installation, subsidy, UPCL, and PM Surya Ghar terms where relevant.
A9: Content Rule | B9: Each city page should have genuinely localized copy: coverage, nearby areas, project context, roof types, local FAQs, CTA, and links to its district page.
A10: Internal Linking | B10: Every city/town page should link to its parent district page; district pages should link to all priority city/town pages.
A11: Important Correction | B11: Kausani is included under Bageshwar, not Almora. Old Tehri is excluded as a target and replaced with active service markets such as Chamba and Muni Ki Reti.
A12: Priority Disclaimer | B12: High/Medium is a strategic rollout recommendation based on market/service relevance; it is not verified Google monthly search-volume data.
A13: Main Reference | B13: https://homedecorjunagarh.com/locations
